{"is graph strongly connected": false, "strong connectivity components count": 46, "lengths of strong connectivity components": [1, 1, 1, 1, 1, 1, 1, 1, 1, 1, 1, 1, 1, 1, 1, 1, 1, 1, 1, 1, 1, 1, 1, 1, 1, 1, 1, 1, 1, 1, 1, 1, 1, 1, 1, 1, 1, 1, 1, 1, 1, 2, 3, 5, 48, 103], "is graph weakly connected": false, "weak connectivity components count": 36, "lengths of weak connectivity components": [1, 1, 1, 1, 1, 1, 1, 1, 1, 1, 1, 1, 1, 1, 1, 1, 1, 1, 1, 1, 1, 1, 1, 1, 1, 1, 1, 1, 1, 2, 2, 2, 3, 5, 53, 106], "persent of vertexes of max weak connectivity component": 0.5247524752475248, "vertexes degree probability density": [[1.0, 2.0, 3.0, 4.0, 5.0, 6.0, 7.0, 8.0, 9.0, 10.0, 11.0, 12.0, 13.0, 14.0, 16.0, 17.0, 18.0, 19.0, 20.0, 21.0, 22.0, 23.0, 24.0, 25.0, 26.0, 27.0, 28.0, 29.0, 30.0, 32.0], [0.07547169811320754, 0.02830188679245283, 0.10377358490566038, 0.03773584905660377, 0.08490566037735849, 0.009433962264150943, 0.02830188679245283, 0.018867924528301886, 0.02830188679245283, 0.02830188679245283, 0.04716981132075472, 0.03773584905660377, 0.03773584905660377, 0.02830188679245283, 0.018867924528301886, 0.02830188679245283, 0.02830188679245283, 0.02830188679245283, 0.02830188679245283, 0.02830188679245283, 0.03773584905660377, 0.02830188679245283, 0.018867924528301886, 0.018867924528301886, 0.02830188679245283, 0.018867924528301886, 0.03773584905660377, 0.009433962264150943, 0.02830188679245283, 0.018867924528301886]], "average vertex degree": 1.0, "diameter of graph": 8.0, "radius of graph": 4.0, "average way length": 3.5355998576005696, "central vertexes of graph": [101], "periphery vertexes of graph": [14, 48, 51, 80, 82, 85, 105]}